Taxon,c11,c13,c19,c2,c20,c21,c24,c25,c26,c27,c28,c29,c3,c30,c31,c32,c33,c34,c36,c4,c40,c47,c49,c5,c50,c6,c7,c8,c9,E1,E3,E4,E5,E6,H1,H3,H4,H5,H7,Kp1,Kp2,M9,S14,S15,S21,S22,S23,S25,S26,S29,S32,S34,S47,S48,S79,ST1,ST2,ST22,ST4,ST6,ST64,ST7,ST8;;;;;;;;;;;
Pseudomonas,0.280149676480524,0.406759689922481,0.00011262783258999,0,0.000218710700421018,0,3.9397222495814e-05,0.0267764013316759,0,0,0.00143609382479655,0.0550027262813522,0.747679920529109,0.0861042375502629,0,0,0,0.000313755020080321,0.0008012488430243,0,0.00134515856911607,0.896938407305632,0.00012120232708468,0.0660214168039539,0.28627752478956,0.000336121900209143,0.000273190869354055,0.000474637830698749,0.000104791595714024,0.0581157717263577,0.0264285308971231,0.00773553825780821,0.00397096430897279,0,0.378463849468316,0.567599548200871,0.999868207178316,0.611923701992986,0.0837054823724782,0.000443813243387183,0.00012779552715655,0.561011082882286,0.384718547912992,0.52469386100073,0.99953869450545,0.0332985683132644,0.0449255310490763,0.0116083866128514,0.0158628496529536,0.0286047960137029,0.999740431662146,0,0.000101617754654093,0.0795397419426912,0.0151042569167677,0.0296188360215829,0.00224427866986977,3.68405540819334e-05,0.000331137369723587,0.193317238545305,0.000252716704574172,0.00264072272411397,0.00262078623587076;;;;;;;;;;;
Bacillus,0,0.379286821705426,0,0.788810924469015,0,0.000440109851418914,0.000571259726189304,0,0.000119863834683799,0.234584373749118,0.124137185564941,0,0,0.0568357562635323,0.000374587953251423,0.000120086462252822,0.0010228703315149,0.995419176706827,0.679997789658364,0.0263350921609919,0.0177150543763252,0,0.785754686489981,0.00877265238879736,0,0.000410815655811174,0.559191355026712,0,0.534437138141521,0.00178817759158024,0,0,0,0,0,0,0,0,0,0,0,0,7.34861845972957e-05,0,0,0,0,0,0,4.67144191840548e-05,0,0,0,0,0,4.32812995931558e-05,0.118693893033253,0,0,6.42079309636326e-05,0,0,0;;;;;;;;;;;
Klebsiella,0,0,0.283957291525882,0.211118198785645,0.716632948767018,0.842159002887121,0.00072884861617256,0.000628688184948633,0.000263700436304358,0,0,0.00754839149400218,0,0,0,0.831638779921543,0.000262274443978179,0,0,0,0.0164154944027724,0.103061592694368,0.0137362637362637,0,0,0.000186734389005079,0,0.000103182137108424,0,0.215475399785419,0.00602905294217784,0.489955104809276,0.412059024413489,0,0.385401430999723,0.432400451799129,0.000131792821684312,0.273051920280558,0.342631449024932,0.993727439493461,0.996725239616613,0.300673809786811,0.249889770723104,0.108182629146055,0,0.424898075282071,0.7125417107512,0.972479194199378,0.971595817569782,0.942790407972594,0,0.00302316700610998,0.738476546622226,0.864305796049079,0.000129960145555363,0.970107049080994,0.0461499557466178,0.999263188918361,0.608630485551954,0.0006292377234436,0.629986642117044,0.228144544822794,0.458617585275583;;;;;;;;;;;
Enterococcus,9.09492503183224e-05,0.0378087855297158,0.0531828625489931,0,0.169992891902236,0.15740088726146,0.996493647197872,0.0233471930501379,0.995205446612648,0,0.000787535323275529,0.936358369683751,0,0.040422981750696,0.381986065328139,0.168241133616204,0.997560847671003,0,0,0.21960106949341,0.39723216524931,0,0.117283451842275,0.5999176276771,0.121493484731997,0.357652375261428,0.41224502185527,0.713731478806389,0.433129862984989,0,0,0,0,0,0,0,0,0,0,0,0,0,0,6.08223177357878e-05,5.01419015814756e-05,0,0,5.3577168982391e-05,0,0,0,0,0,0,0,0,0,0,0,0,0,0,0;;;;;;;;;;;
Achromobacter,0,0,0,0,0,0,0,0,0,0,0,0,0,0,0,0,0,0,0,0,0,0,0.0146452811893988,0,0,0,0,0,0,0,0,0,0,0,0,0,0,0,0,0,0,0,0,0,0,0,0,0,0,0,0,0,0,0,0,0,0,0,0,0,0,0,0;;;;;;;;;;;
Brevibacterium,0,0,0,0,0,0,0,0,0,0,0,0,0,0,0,0,0,0.00343038821954485,0,0,0,0,0,0,0,0,0,0,0,0,0,0,0,0,0,0,0,0,0,0,0,0,0,0,0,0,0,0,0,0,0,0,0,0,0,0,0,0,0,0,0,0,0;;;;;;;;;;;
Escherichia-Shigella,5.19710001818985e-05,0,0,0,0,0,0,0,0,0,0,0,0,0.0812712650788741,0,0,0,0,0,0,0.00332869747611774,0,0,0,0.00776706684802965,0,0,0,0,0.720661114801001,0.96078987686546,0.498901844255676,0.582524580269073,1,0.234968573348618,0,0,0.11466085022667,0.572810304975202,0.00414225693828037,0.00199680511182109,0.138131006296255,0.364730305702528,0.367001865217744,7.01986622140658e-05,0.531165260263582,0.242532758199723,0.0156981105118406,0.0119455449968721,0.00842416692619122,0.000220633087176026,0.996945010183299,0.261299894317535,0.0559868923271705,0.984765782937677,0,0.0398280440005058,0.000313144709696434,0.040015336888703,0.0613314156564619,0.249359182641973,0.615983321751216,0.161748524557367;;;;;;;;;;;
Staphylococcus,0,0,0,0,0,0,0,0,0.000671237474229276,0,0,0,0,0,0,0,0,0.000627510040160643,0,0,0,0,0,0,0.00137993573442151,0,0,0,0,0.00395953609564196,0.00668160926062532,0.00335906462969542,0.0014454310084661,0,0.0011661461833419,0,0,0.000299375588059191,0.000852763627387177,0.00168649032487129,0.00115015974440895,0.000184101034647815,0.000587889476778366,6.08223177357878e-05,0.000260737888223673,0.0106380961410828,0,0.000160731506947173,0.000327683279215943,0.0199314855185301,0,0,0.000121941305584912,0,0,8.65625991863116e-05,0.793083828549753,0.000184202770409667,0.35102304018962,0.744580850626669,0.0850752734755767,0.153231410701876,0.377013103931179;;;;;;;;;;;
Raoultella,0,0,0,0,0,0,0.00206835418103024,0.94856187577693,0.000958910677470394,0,0,0,0,0,0,0,0,0,0,0,0,0,0,0,0,0,0,0,0,0,0,0,0,0,0,0,0,0,0,0,0,0,0,0,0,0,0,0,0,0,0,0,0,0,0,0,0,0,0,0,0,0,0;;;;;;;;;;;
Terribacillus,0,0,0,0,0,0,0,0,0,0,0.000185302429006007,0,0,0,0.000168564578963141,0,0,0,0,0,0,0,0,0,0,0,0,0,0,0,0,0,0,0,0,0,0,0,0,0,0,0,0,0,0,0,0,0,0,0,0,0,0,0,0,0,0,0,0,0,0,0,0;;;;;;;;;;;
Citrobacter,0.144492373255723,0.0338811369509044,0.662702166959499,0,0.113155448630324,0,0,0.0005143812422307,0.00115069281296447,0.689476392886415,0.864821878040118,0.000937159214830971,0,0,0.616908900209769,0,0,0.00010458500669344,0.091660104714935,0,0.00177834522696701,0,0.0167663219133807,0.202965403624382,0.583022847793088,0,0,0,0,0,0,0,0,0,0,0,0,0,0,0,0,0,0,0,0,0,0,0,0,0,0,0,0,0,0,0,0,0,0,0,0,0,0;;;;;;;;;;;
Lelliottia,0,0,0,0,0,0,0,0,0,0,0,0,0.0844639636106972,0,0,0,0,0,0,0,0.00284991222270354,0,0,0.0130971993410214,0,0,0,0,0,0,0,0,0,0,0,0,0,0,0,0,0,0,0,0,0,0,0,0,0,0,0,0,0,0,0,0,0,0,0,0,0,0,0;;;;;;;;;;;
Mesorhizobium,0.000142920250500221,4.1343669250646e-05,4.50511330359959e-05,7.0876745339854e-05,0,0,5.90958337437211e-05,0.000114306942717933,0,0,0,0.000119274809160305,0,0,0,0,0.000104909777591272,0.00010458500669344,0,0,0.00013679578668977,0,4.04007756948933e-05,0,0,5.60203167015238e-05,0,0.000165091419373478,0,0,0,4.8448047543684e-05,0,0,0,0,0,6.41519117269695e-05,0,0,0,0,0,0,0,0,0,0,4.46840835294468e-05,0,3.89352506781223e-05,3.18228105906314e-05,0,0,0,0,0,0,0,7.70495171563592e-05,0,0,0;;;;;;;;;;;
Bordetella,0,0,0,0,0,0,0,0,0,0,0,0,0,0,0,0,0,0,0,0,0,0,6.060116354234e-05,0,0,0,0,0,0,0,0,0,0,0,0,0,0,0,0,0,0,0,0,0,0,0,0,0,0,0,0,0,0,0,0,0,0,0,0,0,0,0,0;;;;;;;;;;;
Alcaligenes,0,0,0,0,0,0,0,0,0.00129452941458503,0.0759392333644664,0.00863200481786315,0,5.22834810341673e-05,0.0981673368388494,0.000561881929877135,0,0.00104909777591272,0,0,0,0,0,0,0,0,0,0,0,0,0,0,0,0,0,0,0,0,0,0,0,0,0,0,0,0,0,0,0,0,0,0,0,0,0,0,0,0,0,0,0,0,0,0;;;;;;;;;;;
Enterobacter,0.488423459709482,0.121860465116279,0,0,0,0,0,0,0,0,0,0,0.167646981936057,0.542820136096505,0,0,0,0,0.192645088206446,0.642784468684192,0.333576525843004,0,0.0435318358112476,0.0945222405271829,0,0.545899312817449,0.0239193783389995,0.240847744438483,0.0277435749652878,0,7.09300346138569e-05,0,0,0,0,0,0,0,0,0,0,0,0,0,5.01419015814756e-05,0,0,0,0,7.7857365306758e-05,0,0,0,0,0,0,0,0.000128941939286767,0,0,0,0,0;;;;;;;;;;;
Actinoplanes,0,0,0,0,0,0,0,0,0,0,0,0,0,0,0,0,0,0,0,0,0,0,0,0,5.91401029037791e-05,0,0,0,0,0,0,0,0,0,0,0,0,0,0,0,0,0,0,0,0,0,0,0,0,0,0,0,0,0,0,0,0,0,0,0,0,0,0;;;;;;;;;;;
Lactococcus,0,0,0,0,0,0,0,0,0,0,0,0,0,0,0,0,0,0,0,0,0,0,0,0,0,0,0,0,0,0,0,0,0,0,0,0,0,0,0,0,0,0,0,0,3.00851409488853e-05,0,0,0,0,0,0,0,0,0,0,0,0,0,0,0,0,0,0;;;;;;;;;;;
Acidovorax,0,0,0,0,0,0,0,0,0,0,0,0,0.000156850443102502,0,0,0,0,0,0,0,0,0,0,0,0,0,0,0,0,0,0,0,0,0,0,0,0,0,0,0,0,0,0,0,0,0,0,0,0,0,0,0,0,0,0,0,0,0,0,0,0,0,0;;;;;;;;;;;
Hyphomicrobium,0,0,0,0,0,0,3.9397222495814e-05,0,0,0,0,3.40785169029444e-05,0,0,0,0,0,0,0,0,0,0,0,0,0,0,0,0,5.23957978570119e-05,0,0,0,0,0,0,0,0,0,0,0,0,0,0,0,0,0,0,0,0,0,0,0,0,0,0,0,0,0,0,0,0,0,0;;;;;;;;;;;
Micrococcus,0,0,0,0,0,0,0,0,0,0,0,0,0,0,0,0,0,0,0,0,0,0,0,0,0,0,0,0,0,0,0,0,0,0,0,0,0,0,0,0,0,0,0,0,0,0,0,0,0,0,0,0,0,0,0,0,0,0,0,0,0.0353261850608325,0,0;;;;;;;;;;;
Enhydrobacter,0.000467739001637087,0,0,0,0,0,0,0,0,0,0,0,0,0,0,0,0,0,0,0,0,0,0,0,0,0,0,0,0,0,0,0,0,0,0,0,0,0,0,0,0,0,0,0,0,0,0,0,0,0,0,0,0,0,0,0,0,0,0,0,0,0,0;;;;;;;;;;;
Pseudomonas aeruginosa strain AFS/SRLAAH/2019 16S ribosomal RNA gene, partial sequence;1003;2;980;1269;687;0.0;887;985;90;;Plus/Plus
Enterococcus faecalis strain CP27 16S ribosomal RNA gene, partial sequence;1197;14;799;878;475;0.0;692;797;87;;Plus/Plus
Bacterium strain QLN201710IPB4 16S ribosomal RNA gene, partial sequence;1451;2;655;752;407;0.0;575;657;88;;Plus/Plus
Pseudomonas poae strain 15-H4 16S ribosomal RNA gene, partial sequence;1421;1;635;987;534;0.0;604;638;95;;Plus/Plus
Stenotrophomonas maltophilia strain MCt-1 16S ribosomal RNA gene, partial sequence;734;1;632;372;201;8e-98;496;640;78;;Plus/Plus
Pseudomonas aeruginosa PSE5 gene for 16S ribosomal RNA, partial sequence;1312;2;1251;1984;1074;0.0;1203;1261;95;;Plus/Plus
Enterobacter cloacae strain FS2 16S ribosomal RNA gene, partial sequence;1005;14;1005;366;198;3e-96;773;1042;74;;Plus/Plus
Atlantibacter hermannii strain ANSNAS7 16S ribosomal RNA gene, partial sequence;1434;1;1254;2021;1094;0.0;1210;1262;96;;Plus/Plus
Pseudomonas aeruginosa strain KI5.3 16S ribosomal RNA gene, partial sequence;1319;6;1169;1496;810;0.0;1052;1168;90;;Plus/Plus
Klebsiella sp. strain AKB01 16S ribosomal RNA gene, partial sequence;1408;1;1163;1951;1056;0.0;1133;1168;97;;Plus/Plus
Klebsiella oxytoca strain G1-2-12 16S ribosomal RNA gene, partial sequence;1442;16;1099;1546;837;0.0;1023;1108;92;;Plus/Plus
Citrobacter freundii partial 16S rRNA gene, strain mammoth-8;1344;24;1149;1930;1045;0.0;1102;1128;98;;Plus/Plus
Raoultella sp. strain YL01 16S ribosomal RNA gene, partial sequence;1463;19;1148;1742;943;0.0;1083;1145;95;;Plus/Plus
Klebsiella pneumoniae strain 1 16S ribosomal RNA gene, partial sequence;1443;2;1222;1674;906;0.0;1134;1239;92;;Plus/Plus
Enterococcus faecium strain Unkn666 16S ribosomal RNA gene, partial sequence;1283;1;1215;2028;1098;0.0;1179;1216;97;;Plus/Plus
Pseudomonas aeruginosa strain Iraq.PA-8 16S ribosomal RNA gene, partial sequence;626;26;394;320;173;3e-82;307;372;83;;Plus/Plus
Bacillus cereus strain BBS15 16S ribosomal RNA gene, partial sequence;1435;14;1383;2117;1146;0.0;1303;1375;95;;Plus/Plus
Pseudomonas aeruginosa PSE5 gene for 16S ribosomal RNA, partial sequence;1312;1;1251;1960;1061;0.0;1193;1253;95;;Plus/Plus
Lactobacillus sp. strain UVAS:RY7 16S ribosomal RNA gene, partial sequence;1018;3;845;1181;639;0.0;787;857;92;;Plus/Plus
Enterococcus hirae strain SNNU0206 16S ribosomal RNA gene, partial sequence;1460;5;512;542;293;4e-149;451;522;86;;Plus/Plus
Enterococcus hirae strain 1-X1-16 16S ribosomal RNA gene, partial sequence;1480;15;1216;1812;981;0.0;1135;1209;94;;Plus/Plus
Enterococcus faecium strain KS3 16S ribosomal RNA gene, partial sequence;1485;15;1123;1742;943;0.0;1062;1118;95;;Plus/Plus
Leclercia adecarboxylata strain FM16 16S ribosomal RNA gene, partial sequence;1439;2;798;1120;606;0.0;736;800;92;;Plus/Plus
Bacillus sp. (in: Bacteria) strain M122 16S ribosomal RNA gene, partial sequence;1452;4;897;1225;663;0.0;828;906;91;;Plus/Plus
Uncultured bacterium gene for 16S ribosomal RNA, partial sequence, clone: 2-4-85;551;141;527;169;91;1e-36;303;402;75;;Plus/Plus
Bacterium strain SMBR 15 16S ribosomal RNA gene, partial sequence;1016;33;769;586;317;3e-162;606;746;81;;Plus/Plus
Enterococcus faecium strain Unkn666 16S ribosomal RNA gene, partial sequence;1283;10;1192;1799;974;0.0;1117;1183;94;;Plus/Plus
Enterococcus faecium strain Unknown23 16S ribosomal RNA gene, partial sequence;1281;3;1205;1978;1071;0.0;1166;1209;96;;Plus/Plus
Enterococcus faecium strain HBUAS59914 16S ribosomal RNA gene, partial sequence;1482;15;1236;2004;1085;0.0;1181;1226;96;;Plus/Plus
Bacillus subtilis strain Al-2 16S ribosomal RNA gene, partial sequence;1310;14;1270;2137;1157;0.0;1230;1263;97;;Plus/Plus
Enterococcus faecium strain Unknown25 16S ribosomal RNA gene, partial sequence;1303;6;1276;2056;1113;0.0;1227;1279;96;;Plus/Plus
Pseudomonas sp. strain T22 16S ribosomal RNA gene, partial sequence;1265;8;1257;1916;1037;0.0;1196;1269;94;;Plus/Plus
Uncultured bacterium X131A_Mar15-1_H10 gene for 16S ribosomal RNA, partial sequence;584;181;220;63.9;34;5e-05;38;40;95;;Plus/Plus
Enterococcus faecium strain MLG20-28 16S ribosomal RNA gene, partial sequence;1469;11;1207;1903;1030;0.0;1145;1198;96;;Plus/Plus
Pseudomonas aeruginosa PSE5 gene for 16S ribosomal RNA, partial sequence;1312;2;1285;2137;1157;0.0;1246;1287;97;;Plus/Plus
Pseudomonas aeruginosa strain Isolate C2 16S ribosomal RNA gene, partial sequence;1207;1;1204;2056;1113;0.0;1177;1206;98;;Plus/Plus
Pseudomonas aeruginosa PSE5 gene for 16S ribosomal RNA, partial sequence;1312;1;1143;1775;961;0.0;1086;1145;95;;Plus/Plus
